Ozone,Solar.R,Wind,Month,Day,Temp_F,Weather,AirQuality
41.0,190.0,7.4,5,1,67,S,Good
36.0,118.0,8.0,5,2,72,C,Good
12.0,149.0,12.6,5,3,74,PS,Good
18.0,313.0,11.5,5,4,62,S,Good
28.0,,14.9,5,6,66,C,Good
23.0,299.0,8.6,5,7,65,PS,Good
19.0,99.0,13.8,5,8,59,C,Good
8.0,19.0,20.1,5,9,61,PS,Good
7.0,,6.9,5,11,74,C,Good
16.0,256.0,9.7,5,12,69,PS,Good
11.0,290.0,9.2,5,13,66,S,Good
14.0,274.0,10.9,5,14,68,S,Good
18.0,65.0,13.2,5,15,58,C,Good
14.0,334.0,11.5,5,16,64,S,Good
34.0,307.0,12.0,5,17,66,S,Good
6.0,78.0,18.4,5,18,57,C,Good
30.0,322.0,11.5,5,19,68,PS,Good
11.0,44.0,9.7,5,20,62,S,Good
1.0,8.0,9.7,5,21,59,S,Good
11.0,320.0,16.6,5,22,73,C,Good
4.0,25.0,9.7,5,23,61,PS,Good
32.0,92.0,12.0,5,24,61,C,Good
23.0,13.0,12.0,5,28,67,S,Good
45.0,252.0,14.9,5,29,81,S,Good
115.0,223.0,5.7,5,30,79,C,Poor
37.0,279.0,7.4,5,31,76,PS,Good
29.0,127.0,9.7,6,7,82,PS,Good
71.0,291.0,13.8,6,9,90,S,Moderate
39.0,323.0,11.5,6,10,87,S,Good
23.0,148.0,8.0,6,13,82,S,Good
21.0,191.0,14.9,6,16,77,PS,Good
37.0,284.0,20.7,6,17,72,C,Good
20.0,37.0,9.2,6,18,65,PS,Good
12.0,120.0,11.5,6,19,73,S,Good
13.0,137.0,10.3,6,20,76,S,Good
135.0,269.0,4.1,7,1,84,S,Poor
49.0,248.0,9.2,7,2,85,C,Good
32.0,236.0,9.2,7,3,81,PS,Good
64.0,175.0,4.6,7,5,83,S,Moderate
40.0,314.0,10.9,7,6,83,C,Good
77.0,276.0,5.1,7,7,88,C,Moderate
97.0,267.0,6.3,7,8,92,PS,Moderate
97.0,272.0,5.7,7,9,92,C,Moderate
85.0,175.0,7.4,7,10,89,PS,Moderate
10.0,264.0,14.3,7,12,73,S,Good
27.0,175.0,14.9,7,13,81,S,Good
7.0,48.0,14.3,7,15,80,PS,Good
48.0,260.0,6.9,7,16,81,S,Good
35.0,274.0,10.3,7,17,82,S,Good
61.0,285.0,6.3,7,18,84,C,Moderate
79.0,187.0,5.1,7,19,87,PS,Moderate
63.0,220.0,11.5,7,20,85,C,Moderate
16.0,7.0,6.9,7,21,74,S,Good
80.0,294.0,8.6,7,24,86,PS,Moderate
108.0,223.0,8.0,7,25,85,PS,Poor
20.0,81.0,8.6,7,26,82,C,Good
52.0,82.0,12.0,7,27,86,,Moderate
82.0,213.0,7.4,7,28,88,S,Moderate
50.0,275.0,7.4,7,29,86,C,Good
64.0,253.0,7.4,7,30,83,PS,Moderate
59.0,254.0,9.2,7,31,81,C,Moderate
39.0,83.0,6.9,8,1,81,PS,Good
9.0,24.0,13.8,8,2,81,,Good
16.0,77.0,7.4,8,3,82,PS,Good
78.0,,6.9,8,4,86,,Moderate
35.0,,7.4,8,5,85,S,Good
66.0,,4.6,8,6,87,C,Moderate
122.0,255.0,4.0,8,7,89,C,Poor
89.0,229.0,10.3,8,8,90,PS,Moderate
110.0,207.0,8.0,8,9,90,C,Poor
44.0,192.0,11.5,8,12,86,S,Good
28.0,273.0,11.5,8,13,82,S,Good
65.0,157.0,9.7,8,14,80,C,Moderate
22.0,71.0,10.3,8,16,77,C,Good
59.0,51.0,6.3,8,17,79,PS,Moderate
23.0,115.0,7.4,8,18,76,C,Good
31.0,244.0,10.9,8,19,78,PS,Good
44.0,190.0,10.3,8,20,78,S,Good
21.0,259.0,15.5,8,21,77,S,Good
9.0,36.0,14.3,8,22,72,C,Good
45.0,212.0,9.7,8,24,79,C,Good
168.0,238.0,3.4,8,25,81,PS,Poor
73.0,215.0,8.0,8,26,86,S,Moderate
76.0,203.0,9.7,8,28,97,S,Moderate
118.0,225.0,2.3,8,29,94,S,Poor
84.0,237.0,6.3,8,30,96,S,Moderate
85.0,188.0,6.3,8,31,94,C,Moderate
96.0,167.0,6.9,9,1,91,C,Moderate
78.0,197.0,5.1,9,2,92,PS,Moderate
73.0,183.0,2.8,9,3,93,C,Moderate
91.0,189.0,4.6,9,4,93,PS,Moderate
47.0,95.0,7.4,9,5,87,S,Good
32.0,92.0,15.5,9,6,84,S,Good
20.0,252.0,10.9,9,7,80,S,Good
23.0,220.0,10.3,9,8,78,C,Good
21.0,230.0,10.9,9,9,75,PS,Good
24.0,259.0,9.7,9,10,73,C,Good
44.0,236.0,14.9,9,11,81,PS,Good
21.0,259.0,15.5,9,12,76,S,Good
28.0,238.0,6.3,9,13,77,S,Good
9.0,24.0,10.9,9,14,71,PS,Good
13.0,112.0,11.5,9,15,71,PS,Good
46.0,237.0,6.9,9,16,78,S,Good
18.0,224.0,13.8,9,17,67,PS,Good
13.0,27.0,10.3,9,18,76,S,Good
24.0,238.0,10.3,9,19,68,C,Good
16.0,201.0,8.0,9,20,82,PS,Good
13.0,238.0,12.6,9,21,64,PS,Good
23.0,14.0,9.2,9,22,71,S,Good
36.0,139.0,10.3,9,23,81,S,Good
7.0,49.0,10.3,9,24,69,C,Good
14.0,20.0,16.6,9,25,63,PS,Good
30.0,193.0,6.9,9,26,70,C,Good
14.0,191.0,14.3,9,28,75,S,Good
18.0,131.0,8.0,9,29,76,PS,Good
20.0,223.0,11.5,9,30,68,S,Good
